Year,Player,Team,Pos,Age,G,AB,R,H,2B,3B,HR,RBI,SB,CS,BB,SO,SH,SF,HBP,AVG,OBP,SLG,OPS
2021,Isiah Kiner-Falefa,TEX,SS,26,80,326,43,89,14,2,6,28,15,2,12,57,1,2,5,.273,.307,.383,.690
2021,Tommy Edman,STL,2B,26,79,325,41,84,18,2,4,22,14,3,17,41,1,1,3,.258,.301,.363,.664
2021,Bo Bichette,TOR,SS,23,78,323,66,92,17,1,15,53,12,0,21,76,0,1,3,.285,.333,.483,.816
2021,Marcus Semien,TOR,SS,30,78,319,58,91,20,1,19,51,10,1,33,84,0,2,1,.285,.352,.533,.885
2021,Trea Turner,WAS,SS,28,78,314,50,100,15,2,14,38,18,3,22,66,0,2,3,.318,.367,.513,.880
2021,Whit Merrifield,KC,2B,32,79,314,49,90,19,2,8,45,22,1,23,43,0,6,3,.287,.335,.436,.771
2021,Salvador Perez,KC,C,31,79,309,37,87,15,0,19,48,0,0,8,85,0,1,5,.282,.310,.515,.825
2021,DJ LeMahieu,NYY,2B,32,76,308,44,84,11,0,7,33,2,0,35,51,0,2,1,.273,.347,.377,.724
2021,Cedric Mullins,BAL,OF,26,80,307,45,99,22,3,14,30,15,4,32,65,0,2,4,.322,.391,.550,.941
2021,Adam Frazier,PIT,2B,29,78,306,50,100,24,4,4,28,4,4,29,38,0,1,6,.327,.395,.471,.866
2021,Raimel Tapia,COL,OF,27,78,302,48,88,19,0,5,38,11,3,23,45,0,2,0,.291,.339,.404,.743
2021,Mitch Haniger,SEA,OF,30,76,302,50,78,16,1,18,47,0,0,20,79,0,3,1,.258,.304,.497,.801
2021,Kyle Seager,SEA,3B,33,81,301,29,65,16,1,14,46,2,1,26,89,0,3,3,.216,.282,.415,.697
2021,Randal Grichuk,TOR,OF,29,78,301,34,81,16,1,14,54,0,3,12,68,0,1,1,.269,.298,.468,.766
2021,Paul Goldschmidt,STL,1B,33,79,301,41,76,14,1,11,42,5,0,28,70,0,1,2,.252,.319,.415,.734
2021,Eduardo Escobar,ARI,3B,32,78,301,39,74,11,2,17,53,1,0,20,71,0,1,0,.246,.292,.465,.757
2021,Jake Cronenworth,SD,2B,27,81,301,55,86,17,2,12,34,3,1,29,47,3,1,5,.286,.357,.475,.832
2021,Nolan Arenado,STL,3B,30,79,300,37,80,24,1,16,52,0,0,23,44,0,3,2,.267,.320,.513,.833
2021,Ozzie Albies,ATL,2B,24,77,298,49,79,23,5,15,56,11,2,27,56,0,2,3,.265,.330,.527,.857
2021,Jonathan Schoop,DET,2B,29,77,296,38,82,12,1,15,45,1,0,20,66,0,4,3,.277,.325,.476,.801
2021,Rhys Hoskins,PHI,1B,28,78,296,41,66,16,0,17,44,2,0,29,86,0,1,3,.223,.298,.449,.747
2021,Trey Mancini,BAL,1B,29,78,295,43,75,16,0,14,52,0,0,30,75,0,1,4,.254,.330,.451,.781
2021,Nick Castellanos,CIN,OF,29,74,295,53,102,27,1,16,53,2,1,23,66,0,1,2,.346,.396,.607,1.003
2021,Cesar Hernandez,CLE,2B,31,75,294,47,65,11,2,12,30,0,0,31,71,0,1,2,.221,.299,.395,.694
2021,David Fletcher,LAA,2B,27,75,292,44,84,13,1,0,24,4,1,14,33,6,1,0,.288,.319,.339,.658
2021,Nick Solak,TEX,2B,26,78,291,40,68,10,2,9,33,3,3,18,80,0,2,12,.234,.303,.375,.678
2021,Randy Arozarena,TB,OF,26,75,291,49,76,14,1,10,40,11,4,30,89,0,2,6,.261,.340,.419,.759
2021,J.D. Martinez,BOS,DH,33,75,291,55,88,20,2,16,54,0,0,31,73,0,3,1,.302,.368,.550,.918
2021,J.P. Crawford,SEA,SS,26,80,291,38,83,19,0,5,30,3,3,26,55,0,2,1,.285,.344,.402,.746
2021,Freddie Freeman,ATL,1B,31,78,291,53,76,11,0,17,44,4,1,48,64,0,1,2,.261,.368,.474,.842
2021,Maikel Franco,BAL,3B,28,77,290,27,64,18,0,9,42,0,0,17,50,0,1,1,.221,.265,.376,.641
2021,Dansby Swanson,ATL,SS,27,79,290,33,67,15,2,13,34,4,3,22,90,1,3,3,.231,.289,.431,.720
2021,Jared Walsh,LAA,1B,27,78,287,42,81,20,1,20,58,2,0,25,91,0,1,3,.282,.345,.568,.913
2021,Rafael Devers,BOS,3B,24,77,287,52,81,24,1,19,64,3,5,29,80,0,3,5,.282,.355,.571,.926
2021,Austin Meadows,TB,OF,26,76,285,48,68,20,1,16,54,2,0,37,83,0,2,3,.239,.330,.484,.814
2021,Xander Bogaerts,BOS,SS,28,76,285,49,94,24,0,13,48,5,1,29,57,0,4,2,.330,.391,.551,.942
2021,Robbie Grossman,DET,OF,31,77,285,40,63,12,2,10,36,9,2,47,84,1,5,4,.221,.334,.382,.716
2021,Dylan Carlson,STL,OF,22,79,285,40,76,14,3,7,31,0,0,34,78,0,4,5,.267,.351,.411,.762
2021,Nate Lowe,TEX,1B,25,79,284,35,73,9,1,10,40,4,0,43,87,0,2,2,.257,.356,.401,.757
2021,Carlos Correa,HOU,SS,26,76,284,58,84,19,0,15,49,0,0,45,56,0,2,3,.296,.395,.521,.916
2021,Eugenio Suarez,CIN,3B,29,76,284,38,49,8,0,16,44,0,1,28,99,0,3,5,.173,.256,.370,.626
2021,Vladimir Guerrero,TOR,1B,22,78,283,64,96,15,1,26,66,2,1,49,59,0,1,4,.339,.442,.675,1.117
2021,Alex Verdugo,BOS,OF,25,74,282,51,78,15,1,9,32,4,1,28,43,0,2,2,.277,.344,.433,.777
2021,Pavin Smith,ARI,1B,25,78,281,38,76,15,3,5,26,1,0,20,53,0,1,2,.270,.322,.399,.721
2021,Jose Altuve,HOU,2B,31,69,279,59,80,9,0,17,43,3,1,40,50,0,6,2,.287,.373,.502,.875
2021,Matt Olson,OAK,1B,27,76,278,51,80,18,0,20,53,3,1,35,53,0,5,4,.288,.370,.568,.938
2021,Ryan Mountcastle,BAL,1B,24,75,278,35,73,13,1,14,47,3,2,15,87,0,3,2,.263,.302,.468,.770
2021,Jesse Winker,CIN,OF,27,72,277,56,90,16,1,19,48,0,0,32,51,0,0,5,.325,.404,.596,1.000
2021,Starlin Castro,WAS,2B,31,76,277,20,70,16,0,3,32,0,0,22,61,0,3,0,.253,.305,.343,.648
2021,Carlos Santana,KC,1B,35,79,276,43,66,7,0,13,46,2,0,52,48,0,4,3,.239,.361,.406,.767
2021,Matt Chapman,OAK,3B,28,80,276,38,63,10,3,11,42,1,0,41,100,0,8,2,.228,.324,.406,.730
2021,Francisco Lindor,NYM,SS,27,76,275,40,59,11,1,9,26,6,2,31,54,4,2,4,.215,.301,.360,.661
2021,Bryan Reynolds,PIT,OF,26,76,275,45,87,20,0,14,45,3,1,38,63,0,0,3,.316,.405,.542,.947
2021,Aaron Judge,NYY,OF,29,75,274,44,78,11,0,18,42,0,0,43,84,0,1,1,.285,.382,.522,.904
2021,Ryan McMahon,COL,2B,26,78,273,45,67,14,1,16,44,4,1,24,83,0,4,0,.245,.302,.480,.782
2021,Eddie Rosario,CLE,OF,29,74,273,26,68,13,1,6,45,9,2,17,46,2,3,1,.249,.293,.370,.663
2021,Austin Riley,ATL,3B,24,78,272,39,76,12,0,13,37,0,1,28,81,0,4,7,.279,.357,.467,.824
2021,Alec Bohm,PHI,3B,24,76,271,33,65,11,0,4,35,4,0,19,78,0,4,1,.240,.288,.325,.613
2021,Yuli Gurriel,HOU,1B,37,75,271,41,89,19,0,10,52,1,1,35,29,0,9,2,.328,.397,.509,.906
2021,Mark Canha,OAK,OF,32,74,271,55,69,12,4,11,33,7,1,40,68,0,1,13,.255,.375,.450,.825
2021,Tim Anderson,CWS,SS,28,65,270,43,79,13,0,6,28,14,6,14,67,0,1,1,.293,.329,.407,.736
2021,David Peralta,ARI,OF,33,76,270,28,68,17,5,4,37,1,1,24,46,0,0,0,.252,.313,.396,.709
2021,Adolis Garcia,TEX,OF,28,70,270,39,73,7,2,20,55,7,3,15,86,0,2,1,.270,.309,.533,.842
2021,Justin Turner,LAD,3B,36,74,270,44,77,14,0,12,40,0,0,38,57,0,2,4,.285,.379,.470,.849
2021,Kyle Tucker,HOU,OF,24,72,269,44,72,17,1,13,47,5,1,25,47,0,4,1,.268,.328,.483,.811
2021,Ronald Acuna,ATL,OF,23,73,268,63,75,18,1,22,48,16,5,42,77,0,4,7,.280,.386,.601,.987
2021,Jeimer Candelario,DET,1B,27,71,268,30,70,16,0,4,21,0,0,31,72,0,0,1,.261,.340,.366,.706
2021,Jose Ramirez,CLE,3B,28,75,268,53,71,17,1,18,50,6,2,31,38,0,3,4,.265,.346,.537,.883
2021,Shohei Ohtani,LAA,P,26,12,267,55,74,17,4,28,63,11,3,32,87,0,1,3,.277,.360,.685,1.045
2021,Manny Machado,SD,3B,28,74,267,40,69,12,2,12,50,8,2,34,53,0,6,0,.258,.336,.453,.789
2021,Jorge Polanco,MIN,SS,27,71,267,44,67,17,1,9,31,6,3,26,47,0,3,3,.251,.321,.423,.744
2021,Jose Abreu,CWS,1B,34,73,266,37,64,12,1,13,54,1,0,28,76,0,5,9,.241,.328,.440,.768
2021,Elvis Andrus,OAK,SS,32,79,265,24,61,16,1,0,17,7,2,16,47,0,3,0,.230,.271,.298,.569
2021,Eric Hosmer,SD,1B,31,73,264,24,66,9,0,6,36,4,2,20,44,1,1,3,.250,.309,.352,.661
2021,Javier Baez,CHC,SS,28,72,264,38,60,6,2,18,49,9,2,12,107,0,2,6,.227,.275,.470,.745
2021,Kris Bryant,CHC,3B,29,73,264,45,69,16,1,15,41,4,2,31,73,0,1,4,.261,.347,.500,.847
2021,Kevin Newman,PIT,2B,27,74,264,24,55,7,1,2,12,2,0,15,18,0,1,1,.208,.253,.265,.518
2021,Brandon Lowe,TB,2B,26,75,263,41,54,10,0,16,38,4,1,36,97,0,1,7,.205,.316,.426,.742
2021,Lourdes Gurriel,TOR,OF,27,70,263,29,70,15,0,9,32,1,1,8,56,1,5,1,.266,.285,.426,.711
2021,Josh Rojas,ARI,2B,27,77,263,41,69,16,1,10,26,3,1,30,77,0,1,0,.262,.337,.445,.782
2021,Jesus Aguilar,MIA,1B,31,76,263,25,68,14,0,12,51,0,0,24,54,0,7,2,.259,.318,.449,.767
2021,Jed Lowrie,OAK,2B,37,76,262,36,65,15,0,7,34,0,0,31,61,0,0,0,.248,.328,.385,.713
2021,Myles Straw,HOU,OF,26,76,261,34,70,9,1,2,27,12,5,31,55,1,4,2,.268,.346,.333,.679
2021,Mookie Betts,LAD,OF,28,68,261,48,65,20,3,10,29,7,3,42,49,0,3,8,.249,.366,.464,.830
2021,Gio Urshela,NYY,3B,29,69,261,27,71,13,1,10,32,1,0,16,71,0,1,1,.272,.315,.444,.759
2021,Kyle Schwarber,WAS,OF,28,70,261,41,65,8,0,25,53,1,1,30,86,0,2,5,.249,.336,.567,.903
2021,Ty France,SEA,2B,26,71,258,36,67,19,0,8,32,0,0,24,54,0,2,12,.260,.348,.426,.774
2021,Yordan Alvarez,HOU,DH,24,68,258,49,77,16,1,13,50,1,0,21,75,0,2,7,.298,.365,.519,.884
2021,Gleyber Torres,NYY,SS,24,70,256,24,62,9,0,3,26,5,2,32,59,1,1,0,.242,.325,.313,.638
2021,Avisail Garcia,MIL,OF,30,72,255,35,61,7,0,15,46,4,3,20,74,0,2,6,.239,.307,.443,.750
2021,Manuel Margot,TB,OF,26,72,254,31,63,10,2,8,41,9,4,18,42,0,1,0,.248,.297,.398,.695
2021,Yoan Moncada,CWS,3B,26,72,252,33,69,14,0,5,35,2,1,49,80,0,2,5,.274,.399,.389,.788
2021,Chris Taylor,LAD,2B,30,75,252,55,66,11,3,10,39,7,1,40,79,0,1,7,.262,.377,.448,.825
2021,Amed Rosario,CLE,SS,25,70,252,39,68,7,4,5,23,7,0,18,54,0,0,2,.270,.324,.389,.713
2021,Joey Gallo,TEX,OF,27,76,252,45,58,6,0,19,43,6,0,62,98,0,0,3,.230,.388,.480,.868
2021,Jose Iglesias,LAA,SS,31,66,251,31,68,11,0,6,24,2,1,7,42,0,0,2,.271,.296,.386,.682
2021,Trevor Story,COL,SS,28,68,251,38,65,16,2,9,36,14,4,26,63,0,3,3,.259,.332,.446,.778
2021,Charlie Blackmon,COL,OF,35,75,250,32,66,12,2,4,38,0,0,34,39,0,1,7,.264,.366,.376,.742
2021,Adam Duvall,MIA,OF,32,71,250,35,56,8,1,18,56,5,0,16,85,0,2,1,.224,.271,.480,.751
2021,Michael Brantley,HOU,OF,34,61,250,39,85,22,2,4,30,0,0,16,30,0,1,2,.340,.383,.492,.875
2021,Freddy Galvis,BAL,2B,31,72,249,36,62,12,1,9,26,1,0,18,58,2,1,3,.249,.306,.414,.720
2021,Yandy Diaz,TB,3B,29,71,248,31,60,8,0,3,26,0,0,48,49,0,1,2,.242,.368,.310,.678
2021,Luis Urias,MIL,SS,24,76,247,38,61,14,1,10,39,3,0,30,65,0,2,5,.247,.338,.433,.771
2021,Andrew McCutchen,PHI,OF,34,73,247,40,57,9,1,13,41,5,1,46,69,0,6,3,.231,.351,.433,.784
2021,Hunter Renfroe,BOS,OF,29,70,246,41,67,15,0,12,43,0,2,21,57,0,4,1,.272,.327,.480,.807
2021,Christian Vazquez,BOS,C,30,71,245,28,64,12,0,4,32,8,1,16,52,0,3,1,.261,.306,.359,.665
2021,Jorge Soler,KC,OF,29,73,242,23,45,14,0,6,28,0,0,29,82,0,3,5,.186,.283,.318,.601
2021,Enrique Hernandez,BOS,2B,29,65,242,37,57,17,1,8,24,1,0,19,61,0,3,5,.236,.301,.413,.714
2021,Tommy Pham,SD,OF,33,78,242,42,64,9,2,9,27,12,3,46,65,0,3,4,.264,.386,.430,.816
2021,Anthony Rizzo,CHC,1B,31,70,242,30,60,13,2,10,32,4,2,30,41,0,3,7,.248,.344,.442,.786
2021,Michael Taylor,KC,OF,30,72,241,30,57,5,1,7,29,5,2,17,84,0,1,2,.237,.291,.353,.644
2021,Dominic Smith,NYM,1B,26,73,241,22,59,9,0,6,29,2,1,20,63,0,2,6,.245,.316,.357,.673
2021,Garrett Hampson,COL,2B,26,74,241,38,62,16,5,6,21,12,2,17,63,2,2,2,.257,.309,.440,.749
2021,Nelson Cruz,MIN,DH,41,69,241,37,74,11,1,18,44,1,0,26,53,0,4,4,.307,.378,.585,.963
2021,Yermin Mercedes,CWS,DH,28,68,240,26,65,9,1,7,37,0,1,20,46,0,1,1,.271,.328,.404,.732
2021,Willson Contreras,CHC,C,29,72,238,35,55,7,0,13,30,3,3,31,80,0,2,7,.231,.335,.424,.759
2021,Teoscar Hernandez,TOR,OF,28,59,238,31,71,12,0,11,47,5,2,16,66,0,1,0,.298,.341,.487,.828
2021,Juan Soto,WAS,OF,22,68,236,45,66,9,1,9,36,5,4,48,45,0,1,0,.280,.400,.441,.841
2021,Gavin Lux,LAD,2B,23,69,236,34,54,8,2,6,32,2,1,27,61,0,2,1,.229,.308,.356,.664
2021,Josh Naylor,CLE,OF,24,69,233,28,59,13,0,7,21,1,0,14,45,0,0,2,.253,.301,.399,.700
2021,Ramon Laureano,OAK,OF,26,61,232,36,57,11,2,13,29,8,3,21,66,0,1,8,.246,.328,.478,.806
2021,Joey Wendle,TB,2B,31,71,232,42,64,19,1,7,33,5,5,17,54,0,2,7,.276,.341,.457,.798
2021,Josh Harrison,WAS,2B,33,66,231,24,64,12,0,4,24,4,2,16,40,0,1,11,.277,.351,.381,.732
2021,Jackie Bradley,MIL,OF,31,72,231,23,38,7,2,5,21,3,1,19,82,0,3,6,.165,.243,.277,.520
2021,Pete Alonso,NYM,1B,26,67,231,33,61,9,0,13,40,1,0,27,56,0,3,5,.264,.350,.472,.822
2021,Brandon Crawford,SF,SS,34,70,230,42,57,12,0,17,51,5,0,28,63,0,2,2,.248,.332,.522,.854
2021,Willi Castro,DET,SS,24,67,229,32,51,9,2,6,27,4,1,17,63,2,2,5,.223,.289,.358,.647
2021,Alex Bregman,HOU,3B,27,59,229,37,63,14,0,7,34,1,0,29,42,0,2,2,.275,.359,.428,.787
2021,Fernando Tatis,SD,SS,22,63,227,61,68,14,0,26,56,16,2,35,73,0,4,0,.300,.387,.705,1.092
2021,Joc Pederson,CHC,OF,29,65,227,29,53,8,2,11,33,2,3,20,69,0,4,5,.233,.305,.432,.737
2021,Wil Myers,SD,OF,30,71,226,23,57,9,1,9,29,5,5,25,66,0,2,0,.252,.324,.420,.744
2021,Joshua Fuentes,COL,1B,28,75,226,26,53,11,1,7,31,0,0,10,58,0,1,0,.235,.266,.385,.651
2021,Jonathan India,CIN,2B,24,69,225,37,59,8,2,6,30,6,3,33,58,1,3,9,.262,.374,.396,.770
2021,Nick Ahmed,ARI,SS,31,69,224,21,49,15,2,1,12,3,2,19,60,1,0,2,.219,.286,.317,.603
2021,Justin Upton,LAA,OF,33,63,223,40,55,10,0,14,32,3,1,30,74,0,2,1,.247,.336,.480,.816
2021,Miguel Cabrera,DET,DH,38,59,221,24,53,6,0,7,31,0,0,16,63,0,2,3,.240,.298,.362,.660
2021,Mike Yastrzemski,SF,OF,30,61,220,37,49,19,2,10,27,1,0,28,59,0,0,6,.223,.327,.464,.791
2021,Gregory Polanco,PIT,OF,29,67,220,23,43,7,1,9,23,8,0,24,74,0,5,0,.195,.269,.359,.628
2021,Hunter Dozier,KC,1B,29,63,219,22,35,12,2,7,22,1,1,18,72,0,0,1,.160,.227,.329,.556
2021,Andrew Benintendi,KC,OF,26,60,219,31,62,6,1,8,31,7,6,19,45,0,2,1,.283,.340,.429,.769
2021,Giancarlo Stanton,NYY,DH,31,60,219,26,59,7,0,14,39,0,0,34,71,0,1,0,.269,.366,.493,.859
2021,Tyler Naquin,CIN,OF,30,69,218,25,55,11,0,12,46,4,2,19,61,0,3,4,.252,.320,.468,.788
2021,Erik Gonzalez,PIT,SS,29,70,217,17,50,7,1,2,21,2,2,8,40,0,1,0,.230,.257,.300,.557
2021,Sean Murphy,OAK,C,26,66,217,25,47,15,0,10,40,0,0,23,64,0,2,10,.217,.317,.424,.741
2021,Bobby Dalbec,BOS,1B,26,64,216,22,47,9,3,10,34,1,0,12,86,0,1,3,.218,.267,.426,.693
2021,Kyle Farmer,CIN,2B,30,77,216,22,46,6,0,5,25,1,2,12,42,1,3,10,.213,.282,.310,.592
2021,Max Muncy,LAD,2B,30,67,216,47,57,10,1,17,38,1,0,52,54,0,0,5,.264,.418,.556,.974
2021,Jurickson Profar,SD,2B,28,74,215,32,46,8,1,1,17,9,2,33,42,1,2,2,.214,.321,.274,.595
2021,Yonathan Daza,COL,OF,27,71,215,20,69,10,2,2,25,2,1,14,43,4,1,1,.321,.364,.414,.778
2021,Jazz Chisholm,MIA,2B,23,57,215,31,55,8,3,9,28,10,3,18,75,0,1,3,.256,.321,.447,.768
2021,Tyler O'Neill,STL,OF,26,62,213,36,58,15,0,15,36,6,3,13,74,0,2,5,.272,.326,.554,.880
2021,Yadier Molina,STL,C,38,60,213,24,54,14,0,7,34,1,0,15,41,0,2,1,.254,.303,.418,.721
2021,Miguel Rojas,MIA,SS,32,58,212,35,54,15,2,4,23,4,1,18,32,0,0,4,.255,.325,.401,.726
2021,Josh Bell,WAS,1B,28,62,211,34,49,11,0,11,37,0,0,20,56,0,1,1,.232,.300,.441,.741
2021,Josh Donaldson,MIN,3B,35,62,210,35,53,11,0,13,33,0,0,31,48,0,5,1,.252,.344,.490,.834
2021,Odubel Herrera,PHI,OF,29,57,208,31,52,14,1,5,22,4,0,14,40,0,4,4,.250,.304,.399,.703
2021,Ian Happ,CHC,OF,26,68,208,23,38,6,0,9,21,1,1,30,69,2,0,3,.183,.295,.341,.636
2021,James McCann,NYM,C,31,65,207,16,50,8,0,7,28,0,0,17,69,0,1,2,.242,.304,.382,.686
2021,Leury Garcia,CWS,SS,30,64,207,30,51,8,2,1,28,2,1,19,56,5,2,0,.246,.307,.319,.626
2021,Bryce Harper,PHI,OF,28,58,207,39,57,10,0,13,23,7,0,33,63,0,0,4,.275,.385,.512,.897
2021,C.J. Cron,COL,1B,31,65,206,31,52,9,1,11,31,0,0,27,59,0,1,4,.252,.349,.466,.815
2021,Anthony Rendon,LAA,3B,31,55,206,22,48,12,0,5,33,0,0,27,37,0,2,1,.233,.322,.364,.686
2021,Will Smith,LAD,C,26,66,206,35,54,12,1,10,28,1,0,28,43,0,3,7,.262,.365,.476,.841
2021,Willie Calhoun,TEX,OF,26,59,205,23,52,8,2,5,19,0,2,19,27,0,0,2,.254,.323,.385,.708
2021,Corey Dickerson,MIA,OF,32,63,205,27,54,12,3,2,14,2,4,16,45,0,1,3,.263,.324,.380,.704
2021,Marwin Gonzalez,BOS,2B,32,64,205,20,41,14,0,2,16,2,0,14,56,1,1,8,.200,.276,.298,.574
2021,Andrelton Simmons,MIN,SS,31,61,204,25,50,8,0,3,16,0,0,19,38,1,0,2,.245,.316,.328,.644
2021,Andrew Vaughn,CWS,1B,23,65,204,31,48,15,0,7,20,1,0,20,61,0,4,4,.235,.310,.412,.722
2021,Gary Sanchez,NYY,C,28,62,202,30,48,10,0,14,32,0,0,31,62,0,0,3,.238,.347,.495,.842
2021,J.T. Realmuto,PHI,C,30,61,201,26,53,11,1,7,29,4,2,28,55,0,2,5,.264,.364,.433,.797
2021,Miguel Sano,MIN,1B,28,59,200,28,39,6,0,14,34,0,0,23,83,0,1,1,.195,.280,.435,.715
2021,Nick Madrigal,CWS,2B,24,54,200,30,61,10,4,2,21,1,2,11,17,0,1,3,.305,.349,.425,.774
2021,Martin Maldonado,HOU,C,34,60,199,21,36,6,1,5,21,0,0,20,70,0,0,4,.181,.269,.296,.565
2021,Nicky Lopez,KC,2B,26,71,198,32,52,6,3,0,12,7,0,26,31,5,2,1,.263,.348,.323,.671
2021,Jacob Stallings,PIT,C,31,60,196,18,44,13,1,5,31,0,0,23,44,0,0,2,.224,.312,.378,.690
2021,Kolten Wong,MIL,2B,30,52,194,30,57,15,1,7,20,6,4,12,32,0,1,5,.294,.349,.490,.839
2021,Jean Segura,PHI,2B,31,51,194,25,63,12,2,3,21,6,0,14,33,0,1,3,.325,.377,.454,.831
2021,Niko Goodrum,DET,2B,29,59,194,27,42,5,1,5,17,12,4,20,80,0,2,3,.216,.297,.330,.627
2021,Trent Grisham,SD,OF,24,53,192,29,54,13,2,10,30,7,1,25,54,0,1,1,.281,.365,.526,.891
2021,Buster Posey,SF,C,34,54,191,33,63,8,0,12,27,0,0,28,40,0,0,1,.330,.418,.560,.978
2021,Jon Berti,MIA,2B,31,70,190,31,44,9,1,4,18,7,4,28,44,1,2,1,.232,.330,.353,.683
2021,Austin Hays,BAL,OF,25,51,189,32,47,7,2,8,26,1,0,13,43,2,0,3,.249,.307,.434,.741
2021,Yan Gomes,WAS,C,33,53,188,24,49,7,1,7,27,0,0,10,39,0,0,3,.261,.308,.420,.728
2021,Marcell Ozuna,ATL,OF,30,48,188,21,40,6,0,7,26,0,0,19,46,0,0,1,.213,.288,.356,.644
2021,Anthony Santander,BAL,OF,26,52,188,18,45,13,0,5,18,0,1,10,50,1,3,2,.239,.281,.388,.669
2021,Luis Arraez,MIN,2B,24,52,187,28,53,5,4,1,21,0,1,20,22,0,3,2,.283,.354,.369,.723
2021,Victor Robles,WAS,OF,24,67,187,22,42,13,1,1,10,7,4,25,50,2,1,9,.225,.342,.321,.663
2021,Wilmer Flores,SF,2B,29,68,186,26,49,8,1,7,25,1,0,18,25,0,2,1,.263,.329,.430,.759
2021,Jonathan Villar,NYM,2B,30,61,183,29,45,10,1,6,15,8,4,22,50,1,0,2,.246,.333,.410,.743
2021,Clint Frazier,NYY,OF,26,66,183,20,34,9,0,5,15,2,0,32,65,0,0,3,.186,.317,.317,.634
2021,Cavan Biggio,TOR,2B,26,56,183,21,43,8,1,6,19,2,1,31,59,1,2,1,.235,.346,.388,.734
2021,Pedro Severino,BAL,C,27,54,182,18,42,7,0,3,14,0,0,21,47,0,1,0,.231,.309,.319,.628
2021,Joey Votto,CIN,1B,37,50,181,22,46,8,0,10,34,1,0,20,47,0,0,1,.254,.332,.464,.796
2021,Jason Heyward,CHC,OF,31,59,180,23,35,8,1,5,14,3,0,22,43,0,0,1,.194,.286,.333,.619
2021,Omar Narvaez,MIL,C,29,60,180,27,53,9,0,7,23,0,0,26,38,0,2,5,.294,.394,.461,.855
2021,Tucker Barnhart,CIN,C,30,60,180,29,48,15,0,4,25,0,0,20,61,0,1,4,.267,.351,.417,.768
2021,Travis Shaw,MIL,3B,31,56,178,14,34,8,0,6,28,0,0,19,51,1,1,3,.191,.279,.337,.616
2021,Paul DeJong,STL,SS,27,53,178,22,30,3,0,10,23,3,0,21,49,0,0,4,.169,.271,.354,.625
2021,Garrett Cooper,MIA,1B,30,57,178,22,48,9,1,6,26,0,1,20,56,0,0,3,.270,.353,.433,.786
2021,Kevin Kiermaier,TB,OF,31,57,175,22,40,9,1,1,11,5,1,11,56,0,0,2,.229,.282,.309,.591
2021,Adam Eaton,CWS,OF,32,54,174,30,34,7,2,5,27,2,0,19,51,4,0,6,.195,.296,.345,.641
2021,Yasmani Grandal,CWS,C,32,60,172,40,32,3,0,14,36,0,0,59,61,1,3,1,.186,.391,.448,.839
2021,Victor Caratini,SD,C,27,65,172,20,37,6,0,6,28,2,0,23,54,0,3,3,.215,.313,.355,.668
2021,Phillip Evans,PIT,3B,28,52,172,20,35,4,0,5,13,1,0,17,46,0,0,4,.203,.290,.314,.604
2021,DJ Stewart,BAL,OF,27,59,172,23,36,5,0,7,21,0,0,25,56,0,0,2,.209,.317,.360,.677
2021,Akil Baddoo,DET,OF,22,62,172,24,48,13,4,5,23,10,2,26,59,0,2,0,.279,.370,.488,.858
2021,Dylan Moore,SEA,2B,28,56,172,22,34,9,1,7,26,13,2,20,61,0,1,3,.198,.291,.384,.675
2021,Ha-Seong Kim,SD,SS,25,65,171,17,36,6,2,5,21,5,1,11,45,0,2,3,.211,.267,.357,.624
2021,Daniel Vogelbach,MIL,1B,28,67,171,23,37,8,0,7,16,0,0,27,42,0,0,0,.216,.323,.386,.709
2021,Brandon Belt,SF,1B,33,55,170,30,43,7,2,11,28,3,1,28,65,0,1,2,.253,.363,.512,.875
2021,Kevin Pillar,NYM,OF,32,57,170,23,38,7,1,8,20,2,2,8,45,0,0,2,.224,.267,.418,.685
2021,Asdrubal Cabrera,ARI,3B,35,57,170,22,41,12,0,5,25,1,0,26,41,0,3,2,.241,.343,.400,.743
2021,Donovan Solano,SF,2B,33,51,168,21,45,10,0,3,17,1,0,14,35,0,4,1,.268,.321,.381,.702
2021,Taylor Ward,LAA,OF,27,50,168,25,40,12,0,7,28,1,1,18,45,1,1,5,.238,.328,.435,.763
2021,Tyler Stephenson,CIN,C,24,63,167,31,45,11,0,5,21,0,0,24,34,0,0,5,.269,.378,.425,.803
2021,Brett Gardner,NYY,OF,37,67,167,19,34,7,2,3,11,1,0,29,49,4,4,1,.204,.318,.323,.641
2021,Mike Zunino,TB,C,30,55,167,30,35,5,0,18,36,0,0,18,73,0,1,3,.210,.296,.563,.859
2021,Max Kepler,MIN,OF,28,46,166,24,33,10,2,6,27,7,0,22,41,0,2,2,.199,.297,.392,.689
2021,AJ Pollock,LAD,OF,33,54,166,20,42,10,0,6,25,2,0,12,39,0,0,1,.253,.307,.422,.729
2021,Christian Walker,ARI,1B,30,46,165,24,38,7,1,4,18,0,0,11,35,0,1,0,.230,.277,.358,.635
2021,Jose Trevino,TEX,C,28,54,165,14,38,4,0,3,17,0,1,4,35,2,3,0,.230,.244,.309,.553
2021,Alex Kirilloff,MIN,OF,23,44,162,16,42,9,1,6,27,1,1,10,39,0,1,0,.259,.301,.438,.739
2021,Evan Longoria,SF,3B,35,50,161,28,45,11,0,9,30,1,1,25,42,0,0,0,.280,.376,.516,.892
2021,Starling Marte,MIA,OF,32,44,160,35,48,7,1,6,18,12,2,24,36,0,1,4,.300,.402,.469,.871
2021,Austin Slater,SF,OF,28,65,159,19,32,2,1,7,18,7,2,18,59,0,0,1,.201,.287,.358,.645
2021,Mauricio Dubon,SF,2B,26,66,158,18,37,7,0,5,20,2,1,8,38,0,2,1,.234,.272,.373,.645
2021,Colin Moran,PIT,1B,28,49,157,11,44,9,0,4,23,1,0,14,46,0,1,2,.280,.345,.414,.759
2021,Eric Sogard,CHC,2B,35,70,156,16,38,5,1,1,11,3,1,9,30,0,2,0,.244,.281,.308,.589
2021,Mitch Moreland,OAK,1B,35,54,155,19,36,5,0,6,22,0,0,11,43,0,3,1,.232,.282,.381,.663
2021,Harold Ramirez,CLE,OF,26,48,154,21,43,9,1,6,20,2,0,5,20,0,1,4,.279,.317,.468,.785
2021,Christian Yelich,MIL,OF,29,48,154,34,38,6,1,5,23,6,1,40,56,0,1,1,.247,.403,.396,.799
2021,Juan Lagares,LAA,OF,32,49,152,22,35,12,1,2,19,0,0,4,30,1,0,1,.230,.255,.362,.617
2021,Rougned Odor,NYY,2B,27,47,152,18,32,7,0,8,18,0,0,12,43,0,0,4,.211,.286,.414,.700
2021,Tom Murphy,SEA,C,30,50,152,20,28,7,0,6,15,0,0,15,59,0,2,1,.184,.259,.349,.608
2021,Carson Kelly,ARI,C,26,50,150,22,39,6,0,8,26,0,0,28,38,0,4,5,.260,.385,.460,.845
2021,Tony Kemp,OAK,2B,29,61,150,27,41,9,2,4,17,4,1,31,28,4,3,2,.273,.398,.440,.838
2021,Alex Dickerson,SF,OF,31,57,150,17,34,4,1,6,22,1,0,11,37,0,0,4,.227,.297,.387,.684
2021,Seth Brown,OAK,OF,28,60,150,20,28,5,0,9,24,0,0,15,45,0,1,0,.187,.259,.400,.659
2021,Nomar Mazara,DET,OF,26,44,149,11,31,5,2,3,16,0,0,15,40,0,1,0,.208,.279,.329,.608
2021,Guillermo Heredia,ATL,OF,30,49,149,27,42,18,0,4,18,0,0,17,42,0,0,4,.282,.371,.483,.854
2021,Taylor Trammell,SEA,OF,23,48,148,23,25,7,0,8,18,2,3,16,70,2,0,3,.169,.263,.378,.641
2021,Corey Seager,LAD,SS,27,37,147,20,39,7,2,4,22,1,0,19,29,0,0,3,.265,.361,.422,.783
2021,Brett Phillips,TB,OF,27,63,146,22,29,6,1,3,18,11,3,24,67,2,1,1,.199,.314,.315,.629
2021,Miguel Andujar,NYY,OF,26,42,144,18,37,2,0,6,12,0,0,6,27,0,1,0,.257,.285,.396,.681
2021,David Bote,CHC,2B,28,49,144,16,29,5,0,5,23,0,1,13,36,1,1,3,.201,.280,.340,.620
2021,Dom Nunez,COL,C,26,49,144,19,23,7,2,5,20,0,0,19,63,0,1,0,.160,.256,.340,.596
2021,Franmil Reyes,CLE,DH,25,40,144,21,37,9,2,11,29,1,0,12,48,0,1,1,.257,.316,.576,.892
2021,David Dahl,TEX,OF,27,42,144,16,30,7,0,4,12,1,1,6,41,1,2,1,.208,.242,.340,.582
2021,Charlie Culberson,TEX,OF,32,51,143,13,32,9,1,3,15,3,0,11,41,3,0,1,.224,.284,.364,.648
2021,Harold Castro,DET,OF,27,46,141,14,37,3,0,1,17,0,0,12,34,2,0,0,.262,.320,.305,.625
2021,Brad Miller,PHI,3B,31,62,140,22,33,3,1,6,19,3,0,19,55,0,0,0,.236,.327,.400,.727
2021,Ryan Zimmerman,WAS,1B,36,54,140,16,37,7,0,9,24,0,0,6,39,0,0,0,.264,.295,.507,.802
2021,Rowdy Tellez,TOR,1B,26,50,139,12,29,4,1,4,8,0,0,9,33,0,0,3,.209,.272,.338,.610
2021,Trevor Larnach,MIN,OF,24,43,139,19,34,8,0,5,13,0,0,18,47,0,1,6,.245,.354,.410,.764
2021,Mike Tauchman,SF,OF,30,52,139,18,25,4,0,4,15,1,3,21,46,0,0,1,.180,.292,.295,.587
2021,Steven Duggar,SF,OF,27,53,136,27,43,11,2,6,25,6,0,17,50,0,0,0,.316,.392,.559,.951
2021,Mike Brosseau,TB,2B,27,52,136,19,25,7,0,4,16,2,0,14,50,0,1,2,.184,.268,.324,.592
2021,Kelvin Gutierrez,KC,3B,26,38,135,9,29,4,2,1,8,0,1,6,31,0,0,1,.215,.254,.296,.550
2021,Ketel Marte,ARI,2B,27,37,135,24,50,13,0,4,21,1,0,12,21,0,1,0,.370,.419,.556,.975
2021,Michael Conforto,NYM,OF,28,42,135,12,29,7,0,2,14,0,0,22,37,0,1,5,.215,.344,.311,.655
2021,Jeff McNeil,NYM,2B,29,43,133,15,31,4,0,3,10,1,0,12,19,0,0,5,.233,.320,.331,.651
2021,William Contreras,ATL,C,23,41,132,16,29,3,1,7,21,0,0,13,44,0,1,2,.220,.297,.417,.714
2021,Willy Adames,MIL,SS,25,37,132,20,37,11,0,7,28,2,1,17,35,0,0,0,.280,.362,.523,.885
2021,Willy Adames,TB,SS,25,41,132,16,26,6,1,5,15,1,2,10,51,0,0,0,.197,.254,.371,.625
2021,Hanser Alberto,KC,2B,28,56,132,12,34,11,2,0,9,0,1,2,15,2,1,2,.258,.277,.371,.648
2021,Keston Hiura,MIL,2B,24,44,131,15,21,6,1,4,15,1,0,10,56,2,1,6,.160,.250,.313,.563
2021,Elias Diaz,COL,C,30,43,130,15,23,4,0,4,11,0,0,15,28,0,1,0,.177,.260,.300,.560
2021,Kyle Lewis,SEA,OF,25,36,130,15,32,4,0,5,11,2,0,16,37,0,0,1,.246,.333,.392,.725
2021,Edmundo Sosa,STL,2B,25,52,129,17,33,4,1,1,7,3,4,7,27,0,0,10,.256,.342,.326,.668
2021,Stephen Piscotty,OAK,OF,30,50,129,11,28,6,0,4,11,1,0,11,33,0,0,1,.217,.284,.357,.641
2021,Brock Holt,TEX,3B,33,42,127,13,27,8,0,1,12,2,1,17,25,0,0,1,.213,.310,.299,.609
2021,Francisco Mejia,TB,C,25,42,126,10,31,6,0,3,14,0,0,8,23,1,1,4,.246,.309,.365,.674
2021,Matt Beaty,LAD,1B,28,64,125,18,31,3,1,3,27,0,1,10,27,0,0,8,.248,.343,.360,.703
2021,Jorge Alfaro,MIA,C,28,39,125,9,30,4,0,2,9,4,0,4,43,0,0,4,.240,.286,.320,.606
2021,Pat Valaika,BAL,2B,28,50,125,9,24,5,0,1,12,1,1,10,38,1,1,1,.192,.255,.256,.511
2021,Christian Arroyo,BOS,3B,26,41,125,17,33,9,0,4,19,1,0,5,38,1,0,6,.264,.324,.432,.756
2021,Luis Torrens,SEA,C,25,39,125,15,25,6,0,7,15,0,0,7,34,0,1,1,.200,.246,.416,.662
2021,Brian Anderson,MIA,3B,28,36,124,13,31,6,0,3,11,3,0,12,36,0,0,0,.250,.316,.371,.687
2021,Eric Haase,DET,C,28,35,124,19,29,5,1,9,15,1,0,9,44,0,0,1,.234,.291,.508,.799
2021,Chas McCormick,HOU,OF,26,50,123,26,28,4,0,9,27,2,0,11,43,0,5,2,.228,.291,.480,.771
2021,Matt Carpenter,STL,3B,35,69,123,11,21,6,0,3,17,1,0,20,42,0,1,5,.171,.309,.293,.602
2021,Willians Astudillo,MIN,C,29,41,122,10,31,4,0,4,12,0,0,2,10,0,1,2,.254,.276,.385,.661
2021,Jose Rojas,LAA,3B,28,43,121,18,23,12,0,3,8,2,0,8,35,0,0,1,.190,.246,.364,.610
2021,Eli White,TEX,OF,27,40,120,15,25,4,1,3,8,2,2,9,39,0,0,3,.208,.280,.333,.613
2021,Wilson Ramos,DET,C,33,35,120,12,24,5,0,6,13,0,0,6,29,0,0,0,.200,.238,.392,.630
2021,Justin Williams,STL,OF,25,51,119,10,19,0,0,4,11,0,1,17,46,0,0,1,.160,.270,.261,.531
2021,Chad Pinder,OAK,2B,29,40,119,16,26,8,0,3,11,0,0,7,38,0,1,2,.218,.271,.361,.632
2021,Austin Hedges,CLE,C,28,39,118,10,19,1,0,4,13,0,0,7,44,3,1,1,.161,.213,.271,.484
2021,Didi Gregorius,PHI,SS,31,32,118,10,27,4,0,4,22,1,0,5,26,0,3,2,.229,.266,.364,.630
2021,Tim Locastro,ARI,OF,28,55,118,11,21,2,0,1,5,5,3,6,26,0,0,9,.178,.271,.220,.491
2021,Mike Trout,LAA,OF,29,36,117,23,39,8,1,8,18,2,0,27,41,0,0,2,.333,.466,.624,1.090
2021,Mitch Garver,MIN,C,30,41,116,17,26,8,0,8,17,0,0,19,45,0,0,0,.224,.333,.500,.833
2021,Kurt Suzuki,LAA,C,37,40,116,9,25,4,0,2,7,0,0,7,26,2,1,7,.216,.298,.302,.600
2021,Aledmys Diaz,HOU,2B,30,34,115,14,32,9,0,3,18,0,1,5,19,0,0,6,.278,.341,.435,.776
2021,Stephen Vogt,ARI,C,36,46,115,15,23,6,1,4,16,0,0,16,32,1,0,0,.200,.298,.374,.672
2021,Sandy Leon,MIA,C,32,41,115,6,20,3,0,1,6,0,0,5,35,0,2,2,.174,.218,.226,.444
2021,Joe Panik,TOR,2B,30,42,114,9,28,6,0,2,11,0,0,8,14,0,1,0,.246,.293,.351,.644
2021,Nick Maton,PHI,SS,24,45,113,15,30,7,1,2,13,2,0,9,38,0,1,2,.265,.328,.398,.726
2021,Zach McKinstry,LAD,2B,26,38,112,15,29,7,0,5,26,1,1,8,34,0,2,1,.259,.309,.455,.764
2021,Ehire Adrianza,ATL,SS,31,59,112,17,28,5,1,4,21,0,0,14,23,1,3,1,.250,.331,.420,.751
2021,Tyrone Taylor,MIL,OF,27,46,112,11,25,4,0,6,17,3,1,7,31,0,1,7,.223,.307,.420,.727
2021,Jose Peraza,NYM,2B,27,42,111,15,23,7,0,5,15,0,0,7,18,0,0,2,.207,.267,.405,.672
2021,Ronald Torreyes,PHI,SS,28,35,111,9,29,6,0,2,16,0,0,4,17,1,0,1,.261,.293,.369,.662
2021,Nick Senzel,CIN,OF,26,36,111,18,28,4,0,1,8,2,5,12,16,0,1,0,.252,.323,.315,.638
2021,Austin Barnes,LAD,C,31,41,110,12,24,5,0,3,15,0,0,17,32,1,0,1,.218,.328,.345,.673
2021,Ben Gamel,PIT,OF,29,41,110,10,25,7,1,2,6,0,1,10,32,1,2,0,.227,.287,.364,.651
2021,Josh Reddick,ARI,OF,34,35,110,10,29,10,0,0,13,0,0,4,23,0,1,0,.264,.287,.355,.642
2021,Aaron Hicks,NYY,OF,31,32,108,13,21,3,0,4,14,0,0,14,30,0,2,2,.194,.294,.333,.627
2021,Danny Jansen,TOR,C,26,42,108,13,17,4,0,3,8,0,0,12,31,1,0,1,.157,.248,.278,.526
2021,Jonah Heim,TEX,C,26,38,107,12,24,8,0,3,11,1,1,8,21,1,1,0,.224,.276,.383,.659
2021,Zack Collins,CWS,DH,26,39,107,13,24,9,0,2,17,0,1,15,39,1,0,0,.224,.320,.364,.684
2021,Yu Chang,CLE,3B,25,48,105,12,17,6,0,2,14,1,0,5,30,0,1,0,.162,.198,.276,.474
2021,Brendan Rodgers,COL,2B,24,33,104,8,29,4,1,4,17,0,0,10,23,0,1,4,.279,.361,.452,.813
2021,Isan Diaz,MIA,2B,25,36,103,6,15,2,0,2,10,0,0,20,37,0,2,1,.146,.286,.223,.509
2021,Byron Buxton,MIN,OF,27,27,103,21,38,11,0,10,19,5,0,4,25,0,0,3,.369,.409,.767,1.176
2021,Lorenzo Cain,MIL,OF,35,31,103,17,23,4,0,3,9,4,1,14,24,0,0,1,.223,.322,.350,.672
2021,Magneuris Sierra,MIA,OF,25,62,102,14,24,3,0,0,0,4,0,10,22,0,0,0,.235,.304,.265,.569
2021,Jake Bauers,CLE,1B,25,43,100,7,19,3,0,2,6,0,1,12,27,0,0,0,.190,.277,.280,.557
2021,JaCoby Jones,DET,OF,29,36,100,9,17,2,0,2,9,2,2,5,42,0,0,0,.170,.210,.250,.460
2021,Danny Mendick,CWS,2B,27,44,99,11,21,3,0,2,14,0,1,14,28,1,0,1,.212,.316,.303,.619
2021,Kyle Garlick,MIN,OF,29,36,99,17,23,8,0,5,10,1,0,6,32,0,1,1,.232,.280,.465,.745
2021,Ryan Jeffers,MIN,C,24,29,98,10,19,3,1,5,14,0,0,9,37,0,0,0,.194,.262,.398,.660
2021,Jordan Luplow,CLE,OF,27,36,98,12,17,5,0,7,20,0,2,21,31,0,0,2,.173,.331,.439,.770
2021,Darin Ruf,SF,OF,34,50,97,19,24,5,0,6,15,1,0,19,35,0,1,1,.247,.373,.485,.858
2021,Evan White,SEA,1B,25,30,97,8,14,3,0,2,9,0,0,6,31,0,0,1,.144,.202,.237,.439
2021,Andrew Stevenson,WAS,OF,27,54,97,14,22,2,0,2,10,0,1,6,32,2,1,2,.227,.283,.309,.592
2021,LaMonte Wade,SF,OF,27,31,97,16,26,3,1,6,14,2,0,9,20,1,0,3,.268,.349,.505,.854
2021,Santiago Espinal,TOR,SS,26,43,96,13,28,5,1,0,6,2,1,8,16,0,0,0,.292,.346,.365,.711
2021,Luis Robert,CWS,OF,23,25,95,11,30,9,1,1,8,4,1,7,28,0,1,0,.316,.359,.463,.822
2021,Franchy Cordero,BOS,OF,26,34,95,9,17,6,0,1,9,1,0,6,37,1,0,0,.179,.228,.274,.502
2021,Michael Perez,PIT,C,28,32,95,9,14,4,0,5,11,0,0,8,32,0,0,1,.147,.221,.347,.568
2021,Max Stassi,LAA,C,30,32,95,21,27,4,0,5,13,0,0,9,33,0,0,3,.284,.364,.484,.848
2021,Curt Casali,SF,C,32,36,93,10,16,2,1,2,13,0,0,13,35,0,0,2,.172,.287,.280,.567
2021,Ke'Bryan Hayes,PIT,3B,24,26,93,15,25,4,1,3,15,2,1,13,19,0,1,0,.269,.355,.430,.785
2021,Billy McKinney,MIL,OF,26,40,92,9,19,3,1,3,6,1,0,7,24,0,1,0,.207,.260,.359,.619
2021,Ji-Man Choi,TB,1B,30,30,92,13,24,5,0,3,16,0,0,15,30,0,0,1,.261,.370,.413,.783
2021,Josh VanMeter,ARI,2B,26,47,91,10,15,4,1,1,9,0,0,17,33,0,1,1,.165,.300,.264,.564
2021,Kyle Higashioka,NYY,C,31,35,91,12,18,4,0,6,10,0,0,10,29,0,0,0,.198,.277,.440,.717
2021,Ryan O'Hearn,KC,1B,27,29,90,10,22,1,0,6,13,0,0,4,29,0,0,0,.244,.277,.456,.733
2021,Matt Duffy,CHC,3B,30,38,90,16,25,4,0,1,12,3,0,11,18,0,1,4,.278,.377,.356,.733
2021,Andrew Knapp,PHI,C,29,38,90,7,16,2,0,1,9,0,0,7,34,0,1,0,.178,.235,.233,.468
2021,Rio Ruiz,BAL,3B,27,32,90,10,15,3,0,3,6,2,0,9,29,1,0,1,.167,.250,.300,.550
2021,Reese McGuire,TOR,C,26,34,89,14,28,7,0,1,5,0,0,6,18,1,0,1,.315,.365,.427,.792
2021,Jake Marisnick,CHC,OF,30,45,89,13,21,3,2,4,17,3,1,8,33,0,0,2,.236,.313,.449,.762
2021,Ka'ai Tom,PIT,OF,27,38,89,9,14,2,1,2,11,1,0,17,29,0,3,5,.157,.316,.270,.586
2021,Phil Gosselin,LAA,OF,32,35,88,9,29,5,0,3,14,0,1,6,25,0,0,1,.330,.379,.489,.868
2021,Patrick Wisdom,CHC,1B,29,34,88,18,26,3,0,11,19,1,1,8,38,0,0,1,.295,.361,.705,1.066
2021,Mike Moustakas,CIN,2B,32,28,87,15,21,5,0,4,13,0,0,12,18,0,3,2,.241,.337,.437,.774
2021,Albert Pujols,LAA,1B,41,24,86,9,17,0,0,5,12,1,0,3,13,0,0,3,.198,.250,.372,.622
2021,Sam Haggerty,SEA,OF,27,35,86,15,16,3,0,2,5,5,1,6,28,1,0,1,.186,.247,.291,.538
2021,Albert Pujols,LAD,1B,41,30,85,8,21,2,0,6,16,0,0,4,13,0,0,1,.247,.289,.482,.771
2021,Jake Rogers,DET,C,26,28,85,10,19,3,2,4,12,1,0,7,37,3,0,0,.224,.283,.447,.730
2021,Jake Lamb,CWS,3B,30,31,85,16,19,2,0,5,10,0,0,13,28,0,0,1,.224,.333,.424,.757
2021,Jake Cave,MIN,OF,28,31,84,8,14,5,0,1,2,1,0,6,35,1,0,2,.167,.239,.262,.501
2021,Tomas Nido,NYM,C,27,32,84,12,20,2,1,3,11,0,0,4,24,0,0,3,.238,.297,.393,.690
2021,Jarred Kelenic,SEA,OF,21,23,83,7,8,2,0,2,6,3,0,8,26,0,0,1,.096,.185,.193,.378
2021,Andrew Knizner,STL,C,26,34,83,11,16,4,0,0,2,0,0,8,20,0,0,2,.193,.280,.241,.521
2021,Jake Fraley,SEA,OF,26,30,83,14,20,2,0,5,18,5,1,26,28,0,0,1,.241,.427,.446,.873
2021,Victor Reyes,DET,OF,26,27,83,9,13,4,1,1,4,2,0,3,25,0,0,0,.157,.186,.265,.451
2021,Billy McKinney,NYM,OF,26,31,83,14,18,6,1,5,13,1,0,10,27,0,0,0,.217,.301,.494,.795
2021,Wilmer Difo,PIT,SS,29,44,82,7,20,3,2,1,6,0,0,5,25,0,0,0,.244,.287,.366,.653
2021,Travis d'Arnaud,ATL,C,32,23,82,5,18,4,0,2,11,0,0,4,20,0,1,0,.220,.253,.341,.594
2021,Luke Voit,NYY,1B,30,21,82,9,16,1,1,3,7,0,0,7,28,0,0,1,.195,.267,.341,.608
2021,Taylor Walls,TB,SS,24,27,81,9,18,6,0,1,7,3,2,14,25,0,0,0,.222,.337,.333,.670
2021,Manny Pina,MIL,C,34,36,81,9,10,2,0,4,8,0,0,13,18,0,1,2,.123,.258,.296,.554
2021,Cody Bellinger,LAD,1B,25,23,79,16,17,1,1,3,14,2,0,16,27,0,1,0,.215,.344,.367,.711
2021,Jose Marmolejos,SEA,OF,28,31,79,8,11,2,0,3,9,0,0,14,32,0,1,0,.139,.266,.278,.544
2021,Jorge Mateo,SD,OF,26,47,78,7,15,3,0,1,5,3,0,1,23,1,0,3,.192,.232,.269,.501
2021,Yoshi Tsutsugo,TB,3B,29,26,78,5,13,4,0,0,5,0,0,8,27,1,0,0,.167,.244,.218,.462
2021,Andres Gimenez,CLE,SS,22,29,78,10,14,4,0,2,5,4,0,3,25,1,1,2,.179,.226,.308,.534
2021,Jace Peterson,MIL,OF,31,32,77,15,20,5,0,2,13,3,0,16,23,0,0,0,.260,.387,.403,.790
2021,Abraham Almonte,ATL,OF,32,29,76,12,16,8,0,1,7,0,1,22,20,0,1,0,.211,.384,.355,.739
2021,Shogo Akiyama,CIN,OF,33,40,76,7,17,3,0,0,6,1,1,5,15,0,0,1,.224,.280,.263,.543
2021,Nico Hoerner,CHC,2B,24,21,74,9,25,7,0,0,9,3,1,9,12,0,1,0,.338,.405,.432,.837
2021,Jordy Mercer,WAS,SS,34,32,74,8,20,4,0,1,1,0,0,3,20,0,0,0,.270,.299,.365,.664
2021,Bradley Zimmer,CLE,OF,28,29,74,11,18,1,1,0,7,4,0,9,32,0,0,7,.243,.378,.284,.662
2021,Ender Inciarte,ATL,OF,30,45,74,9,16,1,0,2,10,1,0,6,21,2,1,0,.216,.272,.311,.583
2021,Danny Santana,BOS,1B,30,25,73,8,11,0,1,2,4,3,0,6,21,0,0,1,.151,.225,.260,.485
2021,Aramis Garcia,OAK,C,28,27,73,7,17,1,0,2,6,0,0,1,22,2,0,2,.233,.263,.329,.592
2021,Harrison Bader,STL,OF,27,22,73,8,16,2,0,4,9,3,1,9,13,0,1,0,.219,.301,.411,.712
2021,Stevie Wilkerson,BAL,OF,29,31,72,5,12,3,0,0,2,2,0,3,30,0,0,1,.167,.211,.208,.419
2021,Ramon Urias,BAL,2B,27,29,72,11,18,4,0,3,12,0,1,8,20,0,0,2,.250,.341,.431,.772
2021,Bobby Bradley,CLE,1B,25,21,71,17,18,3,0,8,17,0,0,7,21,0,0,0,.254,.321,.634,.955
2021,Alex Blandino,CIN,2B,28,43,70,9,14,4,0,0,5,1,0,8,28,0,0,4,.200,.317,.257,.574
2021,Billy Hamilton,CWS,OF,30,38,70,13,15,3,2,2,10,5,0,3,24,2,1,0,.214,.243,.400,.643
2021,Daniel Robertson,MIL,2B,27,47,69,9,10,2,0,2,3,0,0,11,27,1,0,2,.145,.280,.261,.541
2021,Yadiel Hernandez,WAS,OF,33,42,69,8,18,1,0,2,4,2,0,5,20,0,1,1,.261,.316,.362,.678
2021,Luis Guillorme,NYM,2B,26,36,69,7,18,1,0,0,1,0,2,17,11,1,0,0,.261,.407,.275,.682
2021,Jonathan Davis,TOR,OF,29,44,68,16,10,1,0,1,4,4,1,11,21,0,1,3,.147,.289,.206,.495
2021,Lewis Brinson,MIA,OF,27,28,68,3,15,3,0,2,5,0,0,1,21,0,0,0,.221,.232,.353,.585
2021,Tommy La Stella,SF,2B,32,25,68,8,16,3,1,1,5,0,0,6,10,0,0,0,.235,.297,.353,.650
2021,Sergio Alcantara,CHC,SS,24,30,67,8,12,3,3,2,4,1,0,9,24,1,1,1,.179,.282,.403,.685
2021,Brandon Nimmo,NYM,OF,28,22,66,7,21,5,0,1,8,2,1,12,22,1,0,1,.318,.430,.439,.869
2021,Jarrod Dyson,KC,OF,36,43,66,9,16,3,2,0,4,6,1,5,14,2,0,0,.242,.296,.348,.644
2021,Alex Avila,WAS,C,34,23,65,4,11,6,1,0,6,0,0,16,30,1,0,1,.169,.341,.292,.633
2021,Chance Sisco,BAL,C,26,23,65,4,10,2,0,0,3,0,0,6,18,0,0,2,.154,.247,.185,.432
2021,Jake Bauers,SEA,1B,25,17,64,7,18,2,0,1,6,1,0,5,15,0,0,0,.281,.333,.359,.692
2021,Jason Castro,HOU,C,34,28,64,12,15,5,0,2,8,0,0,14,24,2,0,2,.234,.388,.406,.794
2021,Kevin Plawecki,BOS,C,30,26,63,7,16,3,0,1,3,0,0,5,12,1,0,1,.254,.319,.349,.668
2021,Donovan Walton,SEA,SS,27,21,63,6,13,2,1,2,7,1,0,4,15,2,0,0,.206,.254,.365,.619
2021,Cristian Pache,ATL,OF,22,22,63,6,7,3,0,1,4,0,0,2,25,2,0,1,.111,.152,.206,.358
2021,Pablo Sandoval,ATL,1B,34,55,62,10,13,0,0,4,11,0,0,8,21,0,0,2,.210,.319,.403,.722
2021,Daulton Varsho,ARI,C,24,26,62,8,9,3,0,0,3,1,0,8,19,0,0,0,.145,.243,.194,.437
2021,Robel Garcia,HOU,2B,28,29,61,5,12,2,0,1,8,0,0,4,23,0,1,1,.197,.254,.279,.533
2021,Roberto Perez,CLE,C,32,19,61,6,8,1,0,3,9,1,0,11,28,0,0,1,.131,.274,.295,.569
2021,Mike Ford,NYY,1B,28,22,60,6,8,0,0,3,5,0,0,11,23,0,0,1,.133,.278,.283,.561
2021,Will Craig,PIT,1B,26,18,60,5,13,2,0,1,3,0,0,5,22,0,0,0,.217,.277,.300,.577
2021,Chad Wallach,MIA,C,29,22,59,2,12,2,1,0,6,0,0,3,31,0,2,1,.203,.246,.271,.517
2021,Luis Rengifo,LAA,2B,24,16,59,8,9,1,0,2,6,0,0,2,12,1,0,0,.153,.180,.271,.451
2021,Sheldon Neuse,LAD,2B,26,28,58,6,10,1,0,3,4,0,1,1,22,0,0,0,.172,.186,.345,.531
2021,Shed Long,SEA,2B,25,17,56,9,12,3,1,2,11,0,0,2,17,0,0,0,.214,.241,.411,.652
2021,Rob Refsnyder,MIN,OF,30,18,56,10,18,4,0,2,10,0,0,5,15,0,1,0,.321,.371,.500,.871
2021,Ryan McKenna,BAL,OF,24,37,55,10,11,1,1,0,4,1,0,7,19,0,0,0,.200,.290,.255,.545
2021,Rene Rivera,CLE,C,37,21,55,6,13,3,0,2,9,0,0,4,24,3,0,1,.236,.300,.400,.700
2021,Jason Vosler,SF,3B,27,27,54,10,12,4,0,3,7,2,0,4,11,0,0,0,.222,.276,.463,.739
2021,Connor Joe,COL,OF,28,26,54,4,13,2,0,0,6,0,0,9,13,0,0,0,.241,.349,.278,.627
2021,Ben Rortvedt,MIN,C,23,22,53,3,7,1,0,1,4,0,0,2,20,2,0,1,.132,.179,.208,.387
2021,Michael Chavis,BOS,2B,25,17,52,10,12,4,0,1,3,1,1,1,18,0,0,0,.231,.245,.365,.610
2021,Brian Goodwin,CWS,OF,30,16,52,12,13,5,0,2,7,0,0,8,16,1,0,0,.250,.350,.462,.812
2021,Rafael Ortega,CHC,OF,30,25,52,4,11,1,0,2,4,2,2,3,12,1,0,1,.212,.268,.346,.614
2021,Roman Quinn,PHI,OF,28,28,52,8,9,2,2,0,2,4,3,6,19,0,0,4,.173,.306,.288,.594
2021,Cam Gallagher,KC,C,28,22,51,3,10,2,0,0,1,0,0,3,11,1,1,0,.196,.236,.235,.471
2021,Khris Davis,TEX,DH,33,22,51,8,8,1,1,2,5,0,0,8,16,0,2,0,.157,.262,.333,.595
2021,Jesus Sanchez,MIA,OF,23,13,51,3,12,2,0,2,7,0,0,2,15,0,0,1,.235,.278,.392,.670
2021,Edwin Rios,LAD,3B,27,25,51,4,4,0,0,1,1,0,0,7,18,0,0,2,.078,.217,.137,.354
2021,Andy Ibanez,TEX,2B,28,17,51,3,10,1,0,1,5,0,0,2,7,0,1,0,.196,.222,.275,.497
2021,Daz Cameron,DET,OF,24,15,50,8,11,2,0,3,9,3,0,4,15,0,0,0,.220,.278,.440,.718
2021,Matt Joyce,PHI,OF,36,36,50,5,5,1,0,2,6,0,0,10,14,0,1,1,.100,.258,.240,.498
2021,Luke Raley,LAD,OF,26,27,50,3,9,1,0,1,2,0,0,2,20,0,0,4,.180,.268,.260,.528
2021,Abraham Toro,HOU,3B,24,17,49,6,12,0,0,2,13,1,1,5,8,0,1,1,.245,.321,.367,.688
2021,Pablo Reyes,MIL,OF,27,28,49,7,11,2,0,0,1,2,0,1,11,0,0,0,.224,.240,.265,.505
2021,Tyler Wade,NYY,2B,26,52,49,14,11,0,1,0,2,4,2,4,14,0,0,0,.224,.283,.265,.548
2021,Luke Williams,PHI,3B,24,19,48,4,14,4,0,1,4,1,1,2,9,0,0,0,.292,.320,.438,.758
2021,Lane Thomas,STL,OF,25,32,48,2,5,1,0,0,1,2,1,10,17,0,0,0,.104,.259,.125,.384
2021,Nick Gordon,MIN,SS,25,18,48,5,15,2,0,1,2,5,0,2,10,0,0,0,.313,.340,.417,.757
2021,Kole Calhoun,ARI,OF,33,13,48,6,14,3,0,2,5,1,0,3,13,0,0,0,.292,.333,.479,.812
2021,Owen Miller,CLE,2B,24,17,47,2,5,1,0,0,1,0,0,2,24,0,0,0,.106,.143,.128,.271
2021,Taylor Jones,HOU,1B,27,18,46,4,8,2,0,0,4,0,0,3,15,0,1,0,.174,.220,.217,.437
2021,Leody Taveras,TEX,OF,22,15,46,2,4,0,0,0,1,2,0,3,23,0,0,1,.087,.160,.087,.247
2021,Austin Nola,SD,C,31,18,46,4,10,2,0,1,11,0,0,8,3,0,1,4,.217,.373,.326,.699
2021,Tucupita Marcano,SD,2B,21,25,44,7,8,1,0,0,3,0,1,6,9,0,0,0,.182,.280,.205,.485
2021,Brandon Drury,NYM,3B,28,24,44,2,8,0,0,2,6,0,0,2,13,0,0,0,.182,.217,.318,.535
2021,Wyatt Mathisen,ARI,3B,27,23,42,3,5,0,0,1,8,0,0,5,21,0,1,3,.119,.255,.190,.445
2021,J.D. Davis,NYM,3B,28,14,41,5,16,3,0,2,7,0,0,4,15,0,0,3,.390,.479,.610,1.089
2021,Alan Trejo,COL,SS,25,26,41,7,10,2,0,1,3,0,0,3,12,0,1,0,.244,.289,.366,.655
2021,Austin Wynns,BAL,C,30,12,41,6,7,1,0,2,7,0,0,2,13,0,0,0,.171,.209,.341,.550
2021,Jose Devers,MIA,SS,21,21,41,7,10,3,0,0,5,0,0,3,11,0,1,1,.244,.304,.317,.621
2021,Dustin Fowler,PIT,OF,26,18,41,3,7,1,0,0,2,1,0,3,20,0,1,1,.171,.239,.195,.434
2021,Alejandro Kirk,TOR,C,22,17,40,7,9,1,0,3,8,0,0,5,6,0,0,1,.225,.326,.475,.801
2021,Albert Almora,NYM,OF,27,32,40,1,3,2,0,0,0,0,0,1,15,0,0,0,.075,.098,.125,.223
2021,George Springer,TOR,OF,31,11,40,7,9,1,0,3,7,1,0,8,11,0,0,0,.225,.354,.475,.829
2021,Kean Wong,LAA,2B,26,18,39,2,7,2,1,0,5,0,1,1,10,3,0,0,.179,.200,.282,.482
2021,Skye Bolt,OAK,OF,27,17,39,2,5,1,0,1,3,0,0,0,9,0,0,0,.128,.128,.231,.359
2021,Gilberto Celestino,MIN,OF,22,13,39,3,5,1,0,2,2,0,0,1,8,0,0,0,.128,.150,.308,.458
2021,Kevan Smith,ATL,C,33,13,39,4,8,1,0,0,3,0,0,6,14,0,0,0,.205,.311,.231,.542
2021,Grayson Greiner,DET,C,28,14,38,1,9,1,0,1,5,0,0,1,16,0,0,0,.237,.256,.342,.598
2021,Sam Hilliard,COL,OF,27,20,37,6,4,0,1,2,4,0,0,2,19,0,0,0,.108,.154,.324,.478
2021,Jason Martin,TEX,OF,25,21,37,2,6,0,0,1,4,1,1,3,16,0,0,0,.162,.225,.243,.468
2021,Jose Godoy,SEA,C,26,16,37,2,6,1,0,0,3,0,0,3,14,0,0,0,.162,.225,.189,.414
2021,Andrew Young,ARI,2B,27,28,36,7,7,1,0,4,9,0,0,4,20,0,0,4,.194,.341,.556,.897
2021,Brian O'Grady,SD,OF,29,19,36,6,6,3,0,1,5,0,0,6,12,1,1,0,.167,.279,.333,.612
2021,Adalberto Mondesi,KC,SS,25,10,36,6,13,5,0,4,9,1,1,1,11,1,0,0,.361,.378,.833,1.211
2021,Todd Frazier,PIT,3B,35,13,35,3,3,1,0,0,4,0,0,3,6,0,0,2,.086,.200,.114,.314
2021,Scott Schebler,LAA,OF,30,14,34,3,5,3,0,0,0,0,0,0,17,0,0,0,.147,.147,.235,.382
2021,Jack Mayfield,SEA,SS,30,12,34,2,6,1,0,0,3,0,0,1,10,0,0,0,.176,.200,.206,.406
2021,Kyle Isbel,KC,OF,24,12,34,5,9,0,1,0,3,1,0,2,15,0,0,0,.265,.306,.324,.630
2021,Jay Bruce,NYY,OF,34,10,34,3,4,1,0,1,3,0,0,5,13,0,0,0,.118,.231,.235,.466
2021,Luis Campusano,SD,C,22,11,34,0,3,0,0,0,1,0,0,4,11,0,0,0,.088,.184,.088,.272
2021,Mason Williams,NYM,OF,29,17,33,3,7,1,0,1,1,0,1,4,9,0,0,0,.212,.297,.333,.630
2021,Webster Rivas,SD,C,30,11,32,2,7,2,0,1,1,0,0,7,6,1,0,0,.219,.359,.375,.734
2021,Nick Heath,ARI,OF,27,17,32,3,5,1,0,0,1,0,2,4,12,0,0,0,.156,.250,.188,.438
2021,Drew Butera,LAA,C,37,12,32,1,3,1,0,0,5,0,0,0,16,3,1,0,.094,.091,.125,.216
2021,Wander Franco,TB,SS,20,8,31,6,6,1,0,1,5,2,0,5,6,0,0,0,.194,.306,.323,.629
2021,Aristides Aquino,CIN,OF,27,18,31,5,6,1,0,4,6,1,1,4,13,0,0,0,.194,.286,.613,.899
2021,Matt Adams,COL,DH,32,17,31,3,5,1,0,0,1,0,0,4,8,0,0,0,.161,.257,.194,.451
2021,Max Schrock,CIN,2B,26,12,30,3,8,3,1,1,3,0,0,1,8,0,0,0,.267,.290,.533,.823
2021,Scott Heineman,CIN,OF,28,19,30,5,3,0,0,2,3,0,0,3,15,0,0,1,.100,.206,.300,.506
2021,Brent Rooker,MIN,OF,26,8,29,1,3,1,0,1,2,0,0,1,13,0,0,0,.103,.133,.241,.374
2021,Isaac Paredes,DET,3B,22,11,29,3,5,0,1,1,4,0,0,6,5,0,2,0,.172,.297,.345,.642
2021,Jose Rondon,STL,2B,27,17,29,4,6,0,0,0,0,1,0,4,6,0,0,0,.207,.303,.207,.510
2021,Adam Engel,CWS,OF,29,10,29,5,7,0,0,3,4,1,0,1,6,0,0,2,.241,.313,.552,.865
2021,Riley Adams,TOR,C,25,12,28,2,3,2,0,0,0,0,0,2,12,0,0,0,.107,.167,.179,.346
2021,Mike Freeman,CIN,2B,33,17,28,2,6,0,0,0,2,0,1,3,6,0,0,0,.214,.290,.214,.504
2021,Josh Palacios,TOR,OF,25,10,28,7,7,0,0,0,4,0,0,3,7,1,1,2,.250,.353,.250,.603
2021,Cameron Maybin,NYM,OF,34,9,28,2,1,0,0,0,0,1,0,3,12,0,0,2,.036,.182,.036,.218
2021,Anthony Bemboom,LAA,C,31,8,27,2,6,0,0,0,2,0,0,1,10,0,0,0,.222,.250,.222,.472
2021,Austin Dean,STL,OF,27,18,27,4,6,2,0,1,7,0,0,5,9,0,2,0,.222,.324,.407,.731
2021,Renato Nunez,DET,1B,27,7,27,5,4,2,0,2,3,0,0,1,8,0,0,1,.148,.207,.444,.651
2021,Edward Olivares,KC,OF,25,8,26,3,7,0,0,0,0,1,0,0,7,0,0,1,.269,.296,.269,.565
2021,DJ Peters,LAD,OF,25,18,26,5,5,2,0,1,4,0,0,8,14,0,0,0,.192,.382,.385,.767
2021,Jacob Nottingham,SEA,C,26,10,26,3,3,0,0,1,2,0,0,2,12,0,1,2,.115,.226,.231,.457
2021,Mickey Moniak,PHI,OF,23,11,25,3,3,0,0,1,3,0,0,3,12,0,0,0,.120,.214,.240,.454
2021,Lars Nootbaar,STL,OF,23,9,25,2,4,0,1,0,3,0,0,2,3,0,1,0,.160,.214,.240,.454
2021,Yoshi Tsutsugo,LAD,3B,29,12,25,2,3,0,0,0,2,0,0,6,12,0,0,0,.120,.290,.120,.410
2021,Anthony Alford,PIT,OF,26,11,24,2,2,0,0,0,0,1,1,4,16,0,0,1,.083,.241,.083,.324
2021,Tony Wolters,CHC,C,29,14,24,3,3,0,0,0,0,0,1,5,12,1,0,0,.125,.276,.125,.401
2021,Chris Owings,COL,2B,29,12,24,6,8,3,3,0,3,2,0,3,9,0,0,0,.333,.407,.708,1.115
2021,Zack Short,DET,SS,26,10,24,5,8,2,0,1,3,1,0,8,12,0,1,0,.333,.485,.542,1.027
2021,Ernie Clement,CLE,SS,25,9,24,7,7,1,0,0,1,0,0,1,2,0,0,1,.292,.346,.333,.679
2021,P.J. Higgins,CHC,C,28,9,23,1,1,0,0,0,0,0,0,2,8,0,0,0,.043,.120,.043,.163
2021,Alex Jackson,ATL,C,25,10,23,2,1,0,0,0,0,0,0,2,13,0,0,3,.043,.214,.043,.257
2021,Domingo Leyba,ARI,2B,25,13,22,0,0,0,0,0,0,0,0,2,7,0,0,0,.000,.083,.000,.083
2021,Travis Jankowski,PHI,OF,30,21,22,5,8,2,0,1,3,2,0,4,3,2,0,0,.364,.462,.591,1.053
2021,Mark Payton,CIN,OF,29,24,22,2,4,0,0,0,0,0,0,2,7,0,0,0,.182,.250,.182,.432
2021,Patrick Mazeika,NYM,C,27,16,22,1,6,0,0,1,4,0,0,1,3,0,0,1,.273,.333,.409,.742
2021,Chris Gittens,NYY,1B,27,10,21,1,2,0,0,1,4,0,0,3,9,0,1,0,.095,.200,.238,.438
2021,Vimael Machin,OAK,3B,27,10,21,1,1,0,0,0,1,0,0,2,7,0,0,0,.048,.130,.048,.178
2021,Johneshwy Fargas,NYM,OF,26,7,21,1,6,3,1,0,3,0,0,0,7,1,0,0,.286,.286,.524,.810
2021,Adam Haseley,PHI,OF,25,9,21,2,4,1,0,0,0,0,0,0,4,0,0,0,.190,.190,.238,.428
2021,Ildemaro Vargas,CHC,2B,29,9,21,3,3,2,0,0,2,1,0,3,7,0,0,0,.143,.250,.238,.488
2021,Dexter Fowler,LAA,OF,35,7,20,3,5,0,0,0,1,1,0,1,6,0,0,0,.250,.286,.250,.536
2021,Steven Souza,LAD,OF,32,9,20,1,3,0,1,1,2,0,0,2,8,0,0,1,.150,.261,.400,.661
2021,Hernan Perez,WAS,2B,30,10,19,1,1,0,0,0,0,0,0,2,10,0,0,0,.053,.143,.053,.196
2021,Scott Kingery,PHI,2B,27,15,19,1,1,0,0,0,0,0,0,0,12,0,0,0,.053,.053,.053,.106
2021,Luke Maile,MIL,C,30,8,19,1,4,1,0,0,1,0,0,2,6,0,0,1,.211,.318,.263,.581
2021,Rafael Marchan,PHI,C,22,8,18,2,5,1,0,0,0,0,0,1,6,0,0,0,.278,.316,.333,.649
2021,Luis Garcia,WAS,2B,21,11,18,3,4,0,1,0,0,0,0,2,4,0,0,0,.222,.300,.333,.633
2021,Khalil Lee,NYM,OF,23,11,18,2,1,1,0,0,1,0,0,0,13,0,0,0,.056,.056,.111,.167
2021,John Nogowski,STL,1B,28,19,18,2,1,0,0,0,0,0,0,1,2,0,0,1,.056,.150,.056,.206
2021,Troy Stokes,PIT,OF,25,8,18,2,2,1,0,0,2,1,0,1,5,0,0,1,.111,.200,.167,.367
2021,Gerardo Parra,WAS,OF,34,10,18,3,4,2,0,1,1,0,0,2,6,0,0,0,.222,.300,.500,.800
2021,Domingo Leyba,BAL,2B,25,4,17,1,3,0,0,0,0,0,0,1,4,0,0,0,.176,.222,.176,.398
2021,Lewin Diaz,MIA,1B,24,11,17,3,2,0,0,2,3,0,0,0,6,0,0,0,.118,.118,.471,.589
2021,Ildemaro Vargas,ARI,2B,29,9,17,2,3,0,0,0,3,0,0,1,3,0,0,0,.176,.222,.176,.398
2021,Garrett Stubbs,HOU,C,28,7,17,1,4,1,0,0,2,0,0,1,2,2,0,0,.235,.278,.294,.572
2021,Anderson Tejeda,TEX,SS,23,5,16,1,1,0,0,0,0,1,0,1,10,0,0,0,.063,.118,.063,.181
2021,Max Moroff,STL,2B,28,6,16,0,1,0,0,0,1,0,0,0,10,0,0,0,.063,.063,.063,.126
2021,Ka'ai Tom,OAK,OF,27,9,16,1,1,0,0,0,1,0,0,0,6,0,0,0,.063,.063,.063,.126
2021,Ronald Guzman,TEX,1B,26,7,16,1,1,0,0,1,1,0,0,1,6,0,0,0,.063,.118,.250,.368
2021,Cole Tucker,PIT,OF,24,8,15,1,2,1,0,0,1,0,0,1,4,0,0,0,.133,.188,.200,.388
2021,Johan Camargo,ATL,2B,27,14,15,1,0,0,0,0,0,0,0,2,6,0,0,0,.000,.118,.000,.118
2021,Jacob Nottingham,MIL,C,26,5,14,2,3,1,0,2,4,0,0,0,8,0,0,0,.214,.214,.714,.928
2021,Mike Tauchman,NYY,OF,30,11,14,1,3,1,0,0,0,2,0,1,6,1,0,0,.214,.267,.286,.553
2021,Derek Hill,DET,OF,25,8,14,3,4,0,0,0,3,4,1,3,4,0,0,0,.286,.412,.286,.698
2021,Ben Gamel,CLE,OF,29,11,14,1,1,1,0,0,0,0,0,3,6,0,0,0,.071,.235,.143,.378
2021,Jon Jay,LAA,OF,36,5,14,2,5,0,0,0,1,0,0,0,2,0,0,0,.357,.357,.357,.714
2021,Jonathan Lucroy,WAS,C,35,5,14,0,5,1,0,0,2,0,0,0,2,0,0,0,.357,.357,.429,.786
2021,Ildemaro Vargas,PIT,2B,29,7,13,0,1,0,0,0,1,0,0,0,3,0,0,0,.077,.077,.077,.154
2021,Nick Martini,CHC,OF,31,12,12,2,1,0,0,0,1,0,0,2,3,0,1,0,.083,.200,.083,.283
2021,Kevin Padlo,TB,3B,24,9,12,1,1,1,0,0,0,0,0,2,8,0,0,0,.083,.214,.167,.381
2021,Andy Burns,LAD,3B,30,9,11,2,3,1,0,0,0,0,0,3,1,0,0,1,.273,.467,.364,.831
2021,Orlando Arcia,MIL,SS,26,4,11,0,1,0,0,0,1,0,0,0,3,0,0,0,.091,.091,.091,.182
2021,Wilfredo Tovar,NYM,SS,29,6,11,0,2,0,0,0,1,0,0,1,4,0,0,0,.182,.250,.182,.432
2021,Ryan Lavarnway,CLE,C,33,4,11,1,3,1,0,0,0,0,0,1,4,0,0,0,.273,.333,.364,.697
2021,Eric Campbell,SEA,1B,34,4,11,1,3,0,0,0,0,0,0,1,1,0,0,0,.273,.333,.273,.606
2021,Sebastian Rivero,KC,C,22,5,11,1,1,1,0,0,2,0,0,2,6,0,0,1,.091,.286,.182,.468
2021,Travis Blankenhorn,NYM,3B,24,11,11,1,1,1,0,0,0,0,0,1,3,0,0,0,.091,.167,.182,.349
2021,Jose Lobaton,CHC,C,36,6,11,1,0,0,0,0,0,0,0,2,5,0,0,0,.000,.154,.000,.154
2021,Geraldo Perdomo,ARI,SS,21,4,10,1,1,0,0,0,0,0,0,3,2,0,0,0,.100,.308,.100,.408
2021,Nick Williams,CWS,OF,27,4,10,2,0,0,0,0,0,0,0,1,4,0,0,2,.000,.231,.000,.231
2021,Austin Romine,CHC,C,32,6,9,1,1,1,0,0,1,0,0,0,3,0,0,0,.111,.111,.222,.333
2021,Chadwick Tromp,SF,C,26,3,9,1,4,0,0,1,2,0,0,0,2,0,0,0,.444,.444,.778,1.222
2021,Daniel Johnson,CLE,OF,25,2,9,0,0,0,0,0,0,0,0,0,5,0,0,0,.000,.000,.000,.000
2021,Jeff Mathis,ATL,C,38,3,9,0,0,0,0,0,0,0,0,0,5,0,0,0,.000,.000,.000,.000
2021,Gavin Sheets,CWS,OF,25,2,8,2,4,1,0,1,4,0,0,0,1,0,0,0,.500,.500,1.000,1.500
2021,Luis Gonzalez,CWS,OF,25,6,8,2,2,2,0,0,0,0,0,3,2,0,0,0,.250,.455,.500,.955
2021,Tim Lopes,MIL,OF,27,5,8,1,1,0,0,0,0,0,1,1,4,0,0,0,.125,.222,.125,.347
2021,Dillon Thomas,SEA,OF,28,2,8,2,1,0,0,0,2,0,0,0,6,0,0,0,.125,.125,.125,.250
2021,Jonathan Arauz,BOS,2B,22,4,8,2,2,1,0,0,1,0,0,2,3,0,0,0,.250,.400,.375,.775
2021,Derek Fisher,MIL,OF,27,4,8,1,2,0,1,0,1,0,0,0,1,0,0,0,.250,.250,.500,.750
2021,Jake Hager,NYM,SS,28,5,8,1,1,0,0,0,0,0,0,0,3,0,0,0,.125,.125,.125,.250
2021,Ryan LaMarre,NYY,OF,32,3,7,0,0,0,0,0,0,0,0,1,1,0,0,0,.000,.125,.000,.125
2021,Keibert Ruiz,LAD,C,22,6,7,1,1,0,0,1,1,0,0,0,5,0,0,0,.143,.143,.571,.714
2021,JT Riddle,MIN,3B,29,4,6,1,2,0,0,0,0,0,0,0,0,0,0,0,.333,.333,.333,.666
2021,Austin Allen,OAK,C,27,2,6,1,1,0,0,1,1,0,0,0,2,0,0,0,.167,.167,.667,.834
2021,Ryan McBroom,KC,1B,29,5,6,1,1,0,0,0,0,0,0,1,5,0,0,0,.167,.286,.167,.453
2021,Matt Vierling,PHI,OF,24,5,6,1,3,0,0,0,0,1,0,0,2,0,0,0,.500,.500,.500,1.000
2021,Alex De Goti,HOU,2B,26,2,6,2,2,0,0,0,1,0,0,1,2,0,0,0,.333,.429,.333,.762
2021,Luis Marte,MIA,SS,27,4,6,2,1,0,0,0,0,0,0,1,2,0,0,0,.167,.286,.167,.453
2021,John Andreoli,SD,OF,31,7,6,2,1,1,0,0,0,0,0,1,3,0,0,0,.167,.286,.333,.619
2021,Oscar Mercado,CLE,OF,26,3,5,0,0,0,0,0,0,0,0,0,2,0,0,0,.000,.000,.000,.000
2021,Monte Harrison,MIA,OF,25,3,5,0,1,0,0,0,0,0,1,0,1,1,0,0,.200,.200,.200,.400
2021,Scott Hurst,STL,OF,25,7,5,0,0,0,0,0,0,0,0,0,1,0,0,0,.000,.000,.000,.000
2021,Luis Barrera,OAK,OF,25,4,5,0,1,0,0,0,0,0,0,0,2,0,0,0,.200,.200,.200,.400
2021,Emmanuel Rivera,KC,3B,25,2,5,0,2,0,0,0,0,0,0,0,1,0,0,0,.400,.400,.400,.800
2021,Tyler Nevin,BAL,1B,24,2,5,0,1,1,0,0,0,0,0,1,2,0,0,0,.200,.333,.400,.733
2021,Ronnie Dawson,HOU,OF,26,3,5,2,1,0,0,0,0,0,0,1,0,0,0,0,.200,.333,.200,.533
2021,Kevan Smith,TB,C,33,3,4,2,1,0,0,0,0,0,0,0,2,0,0,0,.250,.250,.250,.500
2021,Braden Bishop,SEA,OF,27,8,4,1,1,0,0,0,0,0,0,0,2,1,0,0,.250,.250,.250,.500
2021,Alejo Lopez,CIN,2B,25,3,4,1,1,0,0,0,0,0,0,0,1,0,0,0,.250,.250,.250,.500
2021,Hunter Owen,PIT,3B,27,3,4,0,0,0,0,0,0,0,0,0,3,0,0,1,.000,.200,.000,.200
2021,Patrick Kivlehan,SD,3B,31,5,4,3,1,0,0,0,2,0,0,2,3,0,1,1,.250,.500,.250,.750
2021,Joe Panik,MIA,2B,30,1,4,2,2,0,0,1,2,0,0,1,1,0,0,0,.500,.600,1.250,1.850
2021,Jared Hoying,TOR,OF,32,2,3,0,0,0,0,0,0,0,0,0,1,0,0,0,.000,.000,.000,.000
2021,Deven Marrero,MIA,SS,30,1,3,0,0,0,0,0,0,0,0,0,0,0,0,0,.000,.000,.000,.000
2021,Taylor Gushue,CHC,C,27,1,3,0,0,0,0,0,0,0,0,0,3,0,0,0,.000,.000,.000,.000
2021,Ivan Castillo,SD,2B,26,3,3,0,1,0,0,0,1,0,0,1,0,0,0,0,.333,.500,.333,.833
2021,Jack Mayfield,LAA,SS,30,2,3,0,0,0,0,0,0,0,0,0,2,0,0,0,.000,.000,.000,.000
2021,Rodolfo Castro,PIT,2B,22,1,3,0,0,0,0,0,0,0,0,0,1,0,0,0,.000,.000,.000,.000
2021,Connor Wong,BOS,C,25,2,3,1,1,0,0,0,0,0,0,0,2,0,0,0,.333,.333,.333,.666
2021,Ali Sanchez,STL,C,24,1,3,0,1,1,0,0,0,0,0,0,0,0,0,0,.333,.333,.667,1.000
2021,Estevan Florial,NYY,OF,23,1,3,0,1,1,0,0,0,0,0,0,1,0,0,0,.333,.333,.667,1.000
2021,Thairo Estrada,SF,2B,25,4,2,0,0,0,0,0,0,0,0,0,0,0,0,0,.000,.000,.000,.000
2021,Corey Ray,MIL,OF,26,1,2,1,0,0,0,0,0,0,0,1,1,0,0,0,.000,.333,.000,.333
2021,Joe Odom,TB,C,29,2,2,0,0,0,0,0,0,0,0,0,1,0,0,0,.000,.000,.000,.000
2021,Frank Schwindel,OAK,1B,29,1,2,1,1,0,0,1,2,0,0,0,1,0,0,0,.500,.500,2.000,2.500
2021,Tres Barrera,WAS,C,26,1,2,0,0,0,0,0,0,0,0,0,1,0,0,0,.000,.000,.000,.000
2021,Sean Kazmar,ATL,SS,36,3,2,0,0,0,0,0,0,0,0,0,0,0,0,0,.000,.000,.000,.000
2021,Zach Reks,LAD,OF,27,1,2,0,0,0,0,0,0,0,0,0,1,0,0,0,.000,.000,.000,.000
2021,Cody Wilson,WAS,OF,24,1,1,0,0,0,0,0,0,0,0,0,0,0,0,0,.000,.000,.000,.000
2021,Joey Bart,SF,C,24,1,1,0,0,0,0,0,0,0,0,0,0,0,0,0,.000,.000,.000,.000
2021,Carter Kieboom,WAS,3B,23,2,1,0,0,0,0,0,0,0,0,1,1,0,0,0,.000,.500,.000,.500
2021,Skye Bolt,SF,OF,27,2,1,0,0,0,0,0,0,0,0,0,1,0,0,0,.000,.000,.000,.000
2021,Mario Feliciano,MIL,C,22,1,0,1,0,0,0,0,0,0,0,1,0,0,0,0,.000,1.000,.000,1.000